,ESDCode,DistrictCode,DistrictName,D-Address,D-City,D-State,D-ZipCode,D-Latitude,D-Longitude,D-CongressionalDistrict,D-StateDistrictNo
0,_34801,14005,Aberdeen School District,216 N G ST,ABERDEEN,Washington,98520-5297,46.978406,-123.816542,WA6,19
1,_34801,21226,Adna School District,PO BOX 118,ADNA,Washington,98522-0118,46.571323,-123.29838400000001,WA3,19
2,_32801,22017,Almira School District,PO BOX 217,ALMIRA,Washington,99103-0217,47.71098,-118.94085,WA5,9
3,_29801,29103,Anacortes School District,2200 M AVE,ANACORTES,Washington,98221-3794,48.504534,-122.617557,WA2,40
4,_29801,31016,Arlington School District,315 N FRENCH AVE,ARLINGTON,Washington,98223-1317,48.189602,-122.12228200000001,WA1,10
5,_11801,2420,Asotin-Anatone School District,PO BOX 489,ASOTIN,Washington,99402-0489,46.33933,-117.04821000000001,WA5,9
6,_17801,17408,Auburn School District,915 4TH ST NE,AUBURN,Washington,98002-4452,47.311986,-122.21716299999999,WA9,47
7,_17801,18303,Bainbridge Island School District,8489 MADISON AVE NE,BAINBRIDGE ISLAND,Washington,98110-2999,47.642745,-122.52116799999999,WA6,23
8,_6801,6119,Battle Ground School District,PO BOX 200,BATTLE GROUND,Washington,98604-0200,45.803592,-122.531645,WA3,20
9,_17801,17405,Bellevue School District,PO BOX 90010,BELLEVUE,Washington,98005-3183,47.620471,-122.17888300000001,WA9,48
10,_29801,37501,Bellingham School District,1306 DUPONT ST,BELLINGHAM,Washington,98225-3118,48.759265,-122.48701899999999,WA2,42
11,_32801,1122,Benge School District,2978 E BENGE WINONA RD,BENGE,Washington,99105-9705,46.916719,-118.084226,WA5,9
12,_17801,27403,Bethel School District,516 176th St E,Spanaway,Washington,98387,47.096788000000004,-122.42546999999999,WA10,29
13,_39801,20203,Bickleton School District,3626 Bickleton Highway,Bickleton,Washington,99322,45.975029,-120.33806799999999,WA4,14
14,_29801,37503,Blaine School District,765 H Street,BLAINE,Washington,98230,48.993777,-122.742181,WA2,42
15,_34801,21234,Boistfort School District,983 BOISTFORT RD,CURTIS,Washington,98538-9734,46.550374,-123.13153999999999,WA3,19
16,_18801,18100,Bremerton School District,134 MARION AVE N,BREMERTON,Washington,98312-3542,47.564393,-122.662272,WA6,26
17,_4801,24111,Brewster School District,P.O. Box 97,Brewster,Washington,98812,48.09598,-119.78062,WA4,7
18,_4801,9075,Bridgeport School District,PO BOX 1060,BRIDGEPORT,Washington,98813-1060,48.0082,-119.67116000000001,WA4,7
19,_18801,16046,Brinnon School District,46 SCHOOLHOUSE RD,BRINNON,Washington,98320-9651,47.697241999999996,-122.903097,WA6,24
20,_29801,29100,Burlington-Edison School District,927 E FAIRHAVEN AVE,BURLINGTON,Washington,98233-1900,48.475637,-122.32258300000001,WA2,40
21,_6801,6117,Camas School District,841 NE 22nd AVE,CAMAS,Washington,98607-1148,45.595586,-122.401903,WA3,17
22,_18801,5401,Cape Flattery School District,PO BOX 109,SEKIU,Washington,98381-9747,48.288633000000004,-124.397803,WA6,24
23,_17801,27019,Carbonado School District,PO BOX 131,CARBONADO,Washington,98323-0131,47.052209999999995,-122.025502,WA8,2
24,_4801,4228,Cascade School District,330 EVANS ST,LEAVENWORTH,Washington,98826-1244,47.597761,-120.66377800000001,WA8,12
25,_4801,4222,CASHMERE SCHOOL DISTRICT,210 S DIVISION ST,CASHMERE,Washington,98815-1133,47.519416,-120.470557,WA8,12
26,_6801,8401,Castle Rock School District,600 HUNTINGTON AVE S,CASTLE ROCK,Washington,98611-8901,46.271811,-122.9064,WA3,19
27,_34950,18901,Catalyst Public Schools,1305 Ironsides Avenue,Bremerton,Washington,98310,47.572309000000004,-122.612137,WA6,23
28,_6801,20215,Centerville School District,ATTN:Ann Varkados,CENTERVILLE,Washington,98613-3021,45.738205,-120.993902,WA4,14
29,_18801,18401,Central Kitsap School District,PO BOX 8,SILVERDALE,Washington,98383-9197,47.690048,-122.712678,WA6,23
30,_32801,32356,Central Valley School District,2218 N. Molter,Liberty Lake,Washington,99019,47.67788,-117.090457,WA5,4
31,_34801,21401,Centralia School District,PO Box 610,CENTRALIA,Washington,98531,46.713822,-123.01046000000001,WA3,20
32,_34801,21302,Chehalis School District,310 SW 16TH ST,CHEHALIS,Washington,98532-3809,46.65104,-122.95071399999999,WA3,20
33,_32801,32360,Cheney School District,12414 S Andrus Rd,CHENEY,Washington,99004,47.543145,-117.547123,WA5,9
34,_32801,33036,Chewelah School District,PO BOX 47,Chewelah,Washington,99109-8970,48.293181,-117.739245,WA5,7
35,_OSPI,27901,Chief Leschi Tribal Compact,5625 52nd St E,Puyallup,Washington,98371,47.210346,-122.35401200000001,WA10,25
36,_18801,16049,Chimacum School District,PO BOX 278,CHIMACUM,Washington,98325-0278,48.01092,-122.76878,WA6,24
37,_11801,2250,Clarkston School District,PO BOX 70,CLARKSTON,Washington,99403-2557,46.369710999999995,-117.22593400000001,WA5,9
38,_39801,19404,Cle Elum-Roslyn School District,4244 BULLFROG ROAD,CLE ELUM,Washington,98922,47.205715999999995,-120.98011699999999,WA8,13
39,_17801,27400,Clover Park School District,10903 GRAVELLY LAKE DR SW,LAKEWOOD,Washington,98499-1341,47.158989,-122.51955600000001,WA10,28
40,_32801,38300,Colfax School District,1207 N MORTON ST,COLFAX,Washington,99111-2198,46.893936,-117.358677,WA5,9
41,_11801,36250,College Place School District,1755 S College Ave,COLLEGE PLACE,Washington,99324-1175,46.030884,-118.387588,WA5,16
42,_32801,38306,Colton School District,706 UNION,COLTON,Washington,99113-0109,46.575075,-117.20658799999998,WA5,9
43,_32801,33206,Columbia (Stevens) School District,PO BOX 7,HUNTERS,Washington,99137-0007,48.150397999999996,-118.077422,WA5,7
44,_11801,36400,Columbia (Walla Walla) School District,755 MAPLE ST,BURBANK,Washington,99323-0548,46.199484000000005,-119.008591,WA5,16
45,_32801,33115,Colville School District,217 S HOFSTETTER ST,COLVILLE,Washington,99114-3239,48.543225,-117.89706299999999,WA5,7
46,_29801,29011,Concrete School District,45389 AIRPORT WAY ,CONCRETE,Washington,98237-9355,48.531385,-121.753201,WA2,39
47,_29801,29317,Conway School District,19710 STATE ROUTE 534,MOUNT VERNON,Washington,98274-8026,48.337525,-122.29879199999999,WA2,39
48,_34801,14099,Cosmopolis School District,PO BOX 479 ,COSMOPOLIS,Washington,98537,46.878164,-123.64538999999999,WA6,19
49,_4801,13151,Coulee-Hartline School District,410 W LOCUST ST,COULEE CITY,Washington,99115-0428,47.613129,-119.290765,WA4,7
50,_29801,15204,Coupeville School District,501 S Main St,Coupeville,Washington,98239,48.207557,-122.68596799999999,WA2,10
51,_18801,5313,Crescent School District,PO BOX 20,JOYCE,Washington,98343-0020,48.138272,-123.72993400000001,WA6,24
52,_32801,22073,Creston School District,485 SE E ST,CRESTON,Washington,99117-0017,47.755221999999996,-118.51879,WA5,9
53,_32801,10050,Curlew School District,PO BOX 370,CURLEW,Washington,99118-9748,48.894734,-118.66986399999999,WA5,7
54,_32801,26059,Cusick School District,305 MONUMENTAL WAY,CUSICK,Washington,99119-9761,48.336481,-117.29931100000002,WA5,7
55,_39801,19007,Damman School District,2681 Umptanum Rd.,Ellensburg,Washington,98926,46.970419,-120.570224,WA8,13
56,_29801,31330,Darrington School District,PO BOX 27,DARRINGTON,Washington,98241-0027,48.239542,-121.58920900000001,WA8,39
57,_32801,22207,Davenport School District,801 7th Street,DAVENPORT,Washington,99122-9548,47.651579,-118.150554,WA5,9
58,_11801,7002,Dayton School District,609 S 2ND ST,DAYTON,Washington,99328-1572,46.316186,-117.97492199999999,WA5,9
59,_32801,32414,Deer Park School District,P.O. BOX 490,DEER PARK,Washington,99006-0490,47.95434,-117.47689,WA5,7
60,_17801,27343,Dieringer School District,1320 178TH AVE E,Lake Tapps,Washington,98391-6411,47.24581,-122.19216000000002,WA8,31
61,_11801,36101,Dixie School District,PO BOX 40,DIXIE,Washington,99329-0040,46.140821,-118.15306399999999,WA5,16
62,_32801,32361,East Valley School District (Spokane),3830 N Sullivan Rd,SPOKANE,Washington,99216,47.692138,-117.19538700000001,WA5,4
63,_39801,39090,East Valley School District (Yakima),2002 BEAUDRY RD,YAKIMA,Washington,98901-8012,46.573302000000005,-120.404261,WA4,13
64,_4801,9206,Eastmont School District,800 Eastmont Ave,EAST WENATCHEE,Washington,98802-4443,47.417179,-120.28235,WA4,12
65,_39801,19028,Easton School District,PO BOX 8,EASTON,Washington,98925-0008,47.232953,-121.17718700000002,WA8,13
66,_17801,27404,Eatonville School District,PO BOX 698,EATONVILLE,Washington,98328-0698,46.904844,-122.30141,WA8,2
67,_29801,31015,Edmonds School District,20420 68TH AVE W,LYNNWOOD,Washington,98036-7400,47.813572,-122.325776,WA2,32
68,_39801,19401,Ellensburg School District,1300 E 3RD AVE,ELLENSBURG,Washington,98926-3576,46.994694,-120.529758,WA8,13
69,_34801,14068,Elma School District,1235 MONTE ELMA RD,ELMA,Washington,98541-9038,47.004335,-123.435895,WA6,24
70,_32801,38308,Endicott School District,308 SCHOOL DR,ENDICOTT,Washington,99125,46.911972,-117.70265500000001,WA5,9
71,_4801,4127,Entiat School District,2650 ENTIAT WAY,ENTIAT,Washington,98822-9710,47.664507,-120.22598,WA8,12
72,_17801,17216,Enumclaw School District,2929 MCDOUGALL AVE,ENUMCLAW,Washington,98022-7499,47.188548,-122.008775,WA8,31
73,_4801,13165,Ephrata School District,111 4TH AVE NW,EPHRATA,Washington,98823,47.324248,-119.54738600000002,WA4,13
74,_34801,21036,Evaline School District,111 SCHOOLHOUSE RD,WINLOCK,Washington,98596-9718,46.539238,-122.939197,WA3,19
75,_29801,31002,Everett School District,PO BOX 2098,Everett,Washington,98213-2999,47.988661,-122.199795,WA2,38
76,_6801,6114,Evergreen School District (Clark),PO BOX 8910,VANCOUVER,Washington,98668-8910,45.678996000000005,-122.720499,WA3,49
77,_32801,33205,Evergreen School District (Stevens),3341 ADDY GIFFORD RD,GIFFORD,Washington,99131-9701,48.308163,-118.138499,WA5,7
78,_17801,17210,Federal Way School District,33330 8th AVE S,FEDERAL WAY,Washington,98003-5433,47.304885,-122.324611,WA9,30
79,_29801,37502,Ferndale School District,PO Box 698,FERNDALE,Washington,98248-9317,48.861113,-122.60856100000001,WA2,42
80,_17801,27417,Fife School District,1720 Oak St,Milton,Washington,98354,47.246790000000004,-122.310925,WA6,31
81,_11801,3053,Finley School District,224606 E GAME FARM RD,KENNEWICK,Washington,99337-8623,46.154026,-119.029126,WA4,16
82,_17801,27402,Franklin Pierce School District,315 129TH ST S,TACOMA,Washington,98444-5099,47.140714,-122.43683100000001,WA10,29
83,_32801,32358,Freeman School District,15001 S JACKSON RD,ROCKFORD,Washington,99030-9755,47.516957,-117.195054,WA5,9
84,_32801,38302,Garfield School District,PO BOX 398,GARFIELD,Washington,99130-0398,47.00795,-117.14101000000001,WA5,9
85,_6801,20401,Glenwood School District,PO BOX 12,GLENWOOD,Washington,98619-0012,45.989951,-121.282054,WA4,14
86,_39801,20404,Goldendale School District,604 E. BROOKS ST,GOLDENDALE,Washington,98620,45.817628000000006,-120.81376000000002,WA4,14
87,_4801,13301,Grand Coulee Dam School District,110 Stevens Ave.,COULEE DAM,Washington,99116-1503,47.962307,-118.986455,WA4,7
88,_39801,39200,Grandview School District,913 W 2ND ST,GRANDVIEW,Washington,98930-1202,46.255286,-119.9151,WA4,15
89,_39801,39204,Granger School District,701 E AVE,GRANGER,Washington,98932-0400,46.347688,-120.18910600000001,WA4,15
90,_29801,31332,Granite Falls School District,205 N Alder Avenue,Granite Falls,Washington,98252-8908,48.084714,-121.963502,WA8,39
91,_34801,23054,Grapeview School District,822 E MASON BENSON RD,GRAPEVIEW,Washington,98546-9514,47.320078,-122.916751,WA6,35
92,_32801,32312,Great Northern School District,3115 N SPOTTED RD,SPOKANE,Washington,99224-8921,47.686652,-117.518507,WA5,6
93,_6801,6103,Green Mountain School District,13105 NE GRINNELL RD,WOODLAND,Washington,98674-3808,45.947869,-122.53844,WA3,20
94,_34801,34324,Griffin School District,6530 33RD AVE NW,OLYMPIA,Washington,98502-9599,47.080613,-123.019011,WA10,35
95,_32801,22204,Harrington School District,PO Box 204,HARRINGTON,Washington,99134-0248,47.478233,-118.25443899999999,WA5,9
96,_39801,39203,Highland School District,PO BOX 38,COWICHE,Washington,98923-0038,46.66985,-120.71229,WA4,14
97,_17801,17401,Highline School District,15675 AMBAUM BLVD SW,BURIEN,Washington,98166-0100,47.462274,-122.33796000000001,WA7,33
98,_6801,6098,Hockinson School District,17912 NE 159TH ST,BRUSH PRAIRIE,Washington,98606-9765,45.737852000000004,-122.488721,WA3,17
99,_34801,23404,Hood Canal School District,111 N STATE ROUTE 106,SHELTON,Washington,98584-9703,47.333552000000005,-123.15948,WA6,35
100,_34801,14028,Hoquiam School District,325 W. Chenault Avenue,HOQUIAM,Washington,98550-2419,46.984265,-123.906833,WA6,24
101,_34950,17919,Impact | Black River Elementary,16950 116th Ave SE,Renton,Washington,98058,47.450537,-122.18468600000001,WA9,11
102,_34950,27902,Impact | Commencement Bay Elementary,1301 E 34th St,Tacoma,Washington,98404,47.232676,-122.412974,WA10,29
103,_34950,17911,Impact | Puget Sound Elementary,3438 S 148th St,Tukwila,Washington,98168,47.471121999999994,-122.287999,WA9,11
104,_34950,17916,Impact | Salish Sea Elementary,3900 Holly Park Drive South,Seattle,Washington,98118,47.536355,-122.28309499999999,WA9,37
105,_32801,10070,Inchelium School District,PO BOX 285,INCHELIUM,Washington,99138-0285,48.268566,-118.30546100000001,WA5,7
106,_29801,31063,Index School District,PO BOX 237,INDEX,Washington,98256-0237,47.81179,-121.54971200000001,WA8,12
107,_17801,17411,Issaquah School District,5150 220th Ave SE,ISSAQUAH,Washington,98029,47.554633,-122.04730900000001,WA8,41
108,_11801,11056,Kahlotus School District,PO BOX 69,KAHLOTUS,Washington,99335-0069,46.677852,-118.53374,WA5,9
109,_6801,8402,Kalama School District,548 CHINA GARDEN RD,KALAMA,Washington,98625-9764,46.008029,-122.838264,WA3,20
110,_32801,10003,Keller School District,PO BOX 367,KELLER,Washington,99140-0367,48.07877,-118.68501,WA5,7
111,_6801,8458,Kelso School District,601 CRAWFORD ST,KELSO,Washington,98626-4398,46.147388,-122.905869,WA3,19
112,_11801,3017,Kennewick School District,1000 W. 4th Avenue,KENNEWICK,Washington,99336-5601,46.205861999999996,-119.13349299999999,WA4,16
113,_17801,17415,Kent School District,12033 SE 256TH ST,KENT,Washington,98031-6643,47.371269,-122.18101100000001,WA9,47
114,_32801,33212,Kettle Falls School District,PO BOX 458,KETTLE FALLS,Washington,99141-0458,48.61074,-118.05582,WA5,7
115,_11801,3052,Kiona-Benton City School District,1105 DALE AVE,BENTON CITY,Washington,99320-9704,46.263821,-119.49117700000001,WA4,16
116,_39801,19403,Kittitas School District,PO BOX 599,KITTITAS,Washington,98934-0599,46.980645,-120.41625900000001,WA8,13
117,_6801,20402,Klickitat School District,PO BOX 37,KLICKITAT,Washington,98628-0037,45.82111,-121.15683999999999,WA4,14
118,_6801,6101,La Center School District,PO BOX 1840,LA CENTER,Washington,98629-5507,45.881459,-122.615416,WA3,20
119,_29801,29311,La Conner School District,PO BOX 2103,LA CONNER,Washington,98257-2103,48.414123,-122.50836399999999,WA2,10
120,_32801,38126,LaCrosse School District,111 Hill Avenue,LACROSSE,Washington,99143,46.813283,-117.876327,WA5,9
121,_4801,4129,Lake Chelan School District,PO BOX 369,CHELAN,Washington,98816-0369,47.876985,-120.07775,WA8,12
122,_34801,14097,Lake Quinault School District,PO BOX 38,AMANDA PARK,Washington,98526-0038,47.485913000000004,-123.92055500000001,WA6,24
123,_29801,31004,Lake Stevens School District,12309 22ND ST NE,LAKE STEVENS,Washington,98258,48.017556,-122.064259,WA1,39
124,_17801,17414,Lake Washington School District,PO BOX 97039,REDMOND,Washington,98073-9739,47.678756,-122.12103400000001,WA1,48
125,_29801,31306,Lakewood School District,PO BOX 220,NORTH LAKEWOOD,Washington,98259-0220,47.978984999999994,-122.202079,WA2,38
126,_32801,38264,Lamont School District,602 MAIN ST,LAMONT,Washington,99017-8769,46.875935,-117.365223,WA5,9
127,_32801,32362,Liberty School District,29818 S NORTH PINE CREEK RD,SPANGLE,Washington,99031-9797,47.382135999999996,-117.32104299999999,WA5,9
128,_32801,1158,Lind School District,PO BOX 340,Lind,Washington,99341-0340,46.904229,-118.690546,WA5,9
129,_6801,8122,Longview School District,2715 LILAC ST,LONGVIEW,Washington,98632-3596,46.142115000000004,-122.95578400000001,WA3,19
130,_32801,33183,Loon Lake School District,4001 MAPLE ST,LOON LAKE,Washington,99148-9761,48.061207,-117.630408,WA5,7
131,_29801,28144,Lopez School District,86 SCHOOL RD,LOPEZ ISLAND,Washington,98261-8000,48.492042,-122.89729299999999,WA2,40
132,_32911,32903,Lumen Public School,718 W Riverside,Spokane,Washington,99201,47.658190000000005,-117.422905,WA5,3
133,_OSPI,37903,Lummi Tribal Agency,2334 Lummi View Drive,Bellingham,Washington,98226,48.728571,-122.654294,WA2,42
134,_6801,20406,Lyle School District,PO BOX 368,LYLE,Washington,98635-0009,45.68716,-121.24963000000001,WA4,14
135,_29801,37504,Lynden School District,516 MAIN ST,LYNDEN,Washington,98264-9514,48.946775,-122.455982,WA2,42
136,_39801,39120,Mabton School District,PO BOX 37,MABTON,Washington,98935-0037,46.165237,-120.050377,WA4,14
137,_4801,9207,Mansfield School District,PO BOX 188,MANSFIELD,Washington,98830-0188,47.847735,-119.52598700000001,WA4,7
138,_4801,4019,Manson School District,PO BOX A,MANSON,Washington,98831-9668,47.884859999999996,-120.15841,WA8,12
139,_34801,23311,Mary M Knight School District,2987 W MATLOCK BRADY RD,ELMA,Washington,98541-9713,47.19934,-123.432433,WA6,35
140,_32801,33207,Mary Walker School District,500 N 4TH,SPRINGDALE,Washington,99173-0159,48.002188000000004,-117.82896399999998,WA5,7
141,_29801,31025,Marysville School District,4220 80TH ST NE,MARYSVILLE,Washington,98270-3498,48.067881,-122.17336399999999,WA1,38
142,_34801,14065,McCleary School District,611 S MAIN ST,MCCLEARY,Washington,98557-9524,47.049107,-123.266177,WA6,19
143,_32801,32354,Mead School District,2323 E Farwell Rd,MEAD,Washington,99021-9690,47.773277,-117.37573,WA5,6
144,_32801,32326,Medical Lake School District,PO BOX 128,MEDICAL LAKE,Washington,99022-0128,47.615007,-117.70397700000001,WA5,6
145,_17801,17400,Mercer Island School District,4160 86TH AVE SE,MERCER ISLAND,Washington,98040-4196,47.571351,-122.223473,WA9,41
146,_29801,37505,Meridian School District,214 W LAUREL RD,BELLINGHAM,Washington,98226-9623,48.855374,-122.492253,WA2,42
147,_4801,24350,Methow Valley School District,18 TWIN LAKES RD,WINTHROP,Washington,98862-9713,48.460817,-120.185115,WA4,7
148,_6801,30031,Mill A School District,1142 JESSUP RD,COOK,Washington,98605-9120,45.757327000000004,-121.648951,WA3,17
149,_29801,31103,Monroe School District,14692 179th Ave SE,Monroe,Washington,98272,47.864191999999996,-121.99146299999998,WA1,12
150,_34801,14066,Montesano School District,502 E. Spruce Ave,MONTESANO,Washington,98563,46.982512,-123.595317,WA6,24
151,_34801,21214,Morton School District,PO BOX 1219,MORTON,Washington,98356-0048,46.558440000000004,-122.2751,WA3,20
152,_4801,13161,Moses Lake School District,1620 S Pioneer Way,MOSES LAKE,Washington,98837,47.111152000000004,-119.25945800000001,WA4,13
153,_34801,21206,Mossyrock School District,PO BOX 478,MOSSYROCK,Washington,98564-0478,46.50281,-122.46829299999999,WA3,20
154,_39801,39209,Mount Adams School District,PO BOX 578,WHITE SWAN,Washington,98952-0578,46.38969,-120.7209,WA4,14
155,_29801,37507,Mount Baker School District,PO BOX 95,DEMING,Washington,98244-0095,48.80177,-122.091834,WA2,42
156,_6801,30029,Mount Pleasant School District,152 MARBLE RD,WASHOUGAL,Washington,98671-7913,45.563756,-122.229927,WA3,17
157,_29801,29320,Mount Vernon School District,124 E LAWRENCE ST,MOUNT VERNON,Washington,98273-2999,48.424079,-122.33491699999999,WA2,40
158,_OSPI,17903,Muckleshoot Indian Tribe,15209 SE 376th St,AUBURN,Washington,98092,47.264255,-122.138098,WA8,31
159,_29801,31006,Mukilteo School District,9401 SHARON DR,EVERETT,Washington,98204-2699,47.912929999999996,-122.24473400000001,WA2,38
160,_39801,39003,Naches Valley School District,PO BOX 99,NACHES,Washington,98937-9744,46.805796,-120.99209599999999,WA4,13
161,_34801,21014,Napavine School District,PO BOX 840,Napavine,Washington,98565-0840,46.578315,-122.90196499999999,WA3,20
162,_6801,25155,Naselle-Grays River Valley School District,793 STATE ROUTE 4,NASELLE,Washington,98638-8541,46.378119,-123.80396599999999,WA3,19
163,_4801,24014,Nespelem School District  ,PO BOX 291,NESPELEM,Washington,99155-0291,48.143440999999996,-119.00938000000001,WA4,7
164,_32801,26056,Newport School District,PO BOX 70,NEWPORT,Washington,99156-0070,48.185849,-117.19681499999999,WA5,7
165,_32801,32325,Nine Mile Falls School District,10110 W CHARLES RD,NINE MILE FALLS,Washington,99026-8623,47.780776,-117.552507,WA5,6
166,_29801,37506,Nooksack Valley School District,PO BOX 4307,EVERSON,Washington,98247-9232,48.904384,-122.32183400000001,WA2,42
167,_34801,14064,North Beach School District,PO BOX 159,OCEAN SHORES,Washington,98569-9563,47.071971000000005,-124.15246100000002,WA6,24
168,_11801,11051,North Franklin School District,PO BOX 829,CONNELL,Washington,99326-0829,46.590118,-118.89778600000001,WA5,9
169,_18801,18400,North Kitsap School District,18360 Caldart Ave NE,Poulsbo,Washington,98370,47.730815,-122.627779,WA6,23
170,_18801,23403,North Mason School District,250 East Campus Drive,Belfair,Washington,98528,47.414443,-122.840818,WA6,35
171,_34801,25200,North River School District,2867 N RIVER RD,COSMOPOLIS,Washington,98537-9743,46.77616,-123.484572,WA3,19
172,_34801,34003,North Thurston Public Schools,305 COLLEGE ST NE,LACEY,Washington,98516-5390,47.050974,-122.8242,WA10,22
173,_32801,33211,Northport School District,404 10TH ST,NORTHPORT,Washington,99157-1280,48.910614,-117.788472,WA5,7
174,_17801,17417,Northshore School District,3330 Monte Villa Parkway,BOTHELL,Washington,98021-8972,47.776907,-122.18981399999998,WA1,1
175,_29801,15201,Oak Harbor School District,350 S OAK HARBOR ST,OAK HARBOR,Washington,98277-5015,48.295862,-122.65703899999998,WA2,10
176,_32801,38324,Oakesdale School District,PO BOX 228,OAKESDALE,Washington,99158-0228,47.12823,-117.24268000000001,WA5,9
177,_34801,14400,Oakville School District,PO BOX H,OAKVILLE,Washington,98568-0090,46.866084,-123.283859,WA6,19
178,_6801,25101,Ocean Beach School District,PO Box 778,Long Beach,Washington,98631-0778,46.35232,-124.054331,WA3,19
179,_34801,14172,Ocosta School District,2580 S MONTESANO ST,WESTPORT,Washington,98595-9746,46.861067999999996,-124.10093400000001,WA6,19
180,_32801,22105,Odessa School District,PO BOX 248,ODESSA,Washington,99159-0248,47.344402,-118.65881599999999,WA5,9
181,_4801,24105,Okanogan School District,PO BOX 592,OKANOGAN,Washington,98840-0592,48.361259999999994,-119.58339,WA4,7
182,_34801,34111,Olympia School District,111 BETHEL ST. NE,OLYMPIA,Washington,98506,47.046476,-122.884924,WA10,22
183,_4801,24019,Omak School District,619 W BARTLETT AVE,OMAK,Washington,98841-9700,48.411021000000005,-119.53782,WA4,7
184,_34801,21300,Onalaska School District,540 CARLISLE AVE,ONALASKA,Washington,98570-9654,46.581728000000005,-122.72014899999999,WA3,20
185,_32801,33030,Onion Creek School District,2006 LOTZE CREEK RD,COLVILLE,Washington,99114-8602,48.772421,-117.801376,WA5,7
186,_29801,28137,Orcas Island School District,557 SCHOOL RD,EASTSOUND,Washington,98245-9457,48.698677,-122.903671,WA2,40
187,_32801,32123,Orchard Prairie School District,7626 N ORCHARD PRAIRIE RD,SPOKANE,Washington,99217-9766,47.728015,-117.314242,WA5,4
188,_32801,10065,Orient School District,374 4th Ave,ORIENT,Washington,99160,48.868041,-118.20518999999999,WA5,7
189,_4801,9013,Orondo School District,100 ORONDO SCHOOL RD,ORONDO,Washington,98843-9723,47.64096,-120.21646899999999,WA4,7
190,_4801,24410,Oroville School District,816 JUNIPER,OROVILLE,Washington,98844-0000,48.932796,-119.439748,WA4,7
191,_17801,27344,Orting School District,121 Whitesell St NE,ORTING,Washington,98360-8403,47.100653,-122.206792,WA8,2
192,_11801,1147,Othello School District,1025 S 1st Ave,OTHELLO,Washington,99344-1463,46.815948999999996,-119.17398999999999,WA4,15
193,_4801,9102,Palisades School District,1114 PALISADES RD,PALISADES,Washington,98845-9609,47.416414,-119.916126,WA4,7
194,_32801,38301,Palouse School District,600 E ALDER ST,PALOUSE,Washington,99161-8780,46.912452,-117.072222,WA5,9
195,_11801,11001,Pasco School District,1215 W LEWIS ST,PASCO,Washington,99301-5472,46.228246,-119.10313799999999,WA4,15
196,_4801,24122,Pateros School District,PO BOX 98,PATEROS,Washington,98846-0098,48.050979999999996,-119.9034,WA4,7
197,_11801,3050,Paterson School District,PO BOX 189,PATERSON,Washington,99345-0189,45.859058000000005,-119.85763899999999,WA4,16
198,_34801,21301,Pe Ell School District,PO BOX 368,PE ELL,Washington,98572-0368,46.582896999999996,-123.31471499999999,WA3,19
199,_17801,27401,Peninsula School District,14015 62ND AVE NW,GIG HARBOR,Washington,98332-8698,47.385754,-122.618284,WA6,26
200,_34950,4901,Pinnacles Prep,504 S Chelan Ave,Wenatchee,Washington,98801,47.417198,-120.30906,WA8,12
201,_34801,23402,Pioneer School District,112 E. Spencer Lake Road,SHELTON,Washington,98584-7306,47.258193,-123.000831,WA6,35
202,_11801,12110,Pomeroy School District,PO BOX 950,POMEROY,Washington,99347-0950,46.475341,-117.53776299999998,WA5,9
203,_18801,5121,Port Angeles School District,905 W 9TH ST,PORT ANGELES,Washington,98363-7275,48.119225,-123.45590200000001,WA6,24
204,_18801,16050,Port Townsend School District,1610 Blaine St.,Port Townsend,Washington,98368,48.116949,-122.769218,WA6,24
205,_11801,36402,Prescott School District,PO Box 65,PRESCOTT,Washington,99348-0065,46.354972,-118.455541,WA5,16
206,_32911,32907,PRIDE Prep Charter School District,811 E Sprague  ,Spokane,Washington,99202,47.657435,-117.398292,WA5,3
207,_11801,3116,Prosser School District,1500 Grant Ave,PROSSER,Washington,99350,46.211657,-119.771014,WA4,16
208,_34950,38901,Pullman Community Montessori,115 NW State St,Pullman,Washington,99163,46.730940000000004,-117.18358899999998,WA5,9
209,_32801,38267,Pullman School District,240 SE DEXTER ST,PULLMAN,Washington,99163-3585,46.724449,-117.181436,WA5,9
210,_17801,27003,Puyallup School District,PO BOX 370,PUYALLUP,Washington,98372-3220,47.212821999999996,-122.317148,WA10,25
211,_18801,16020,Queets-Clearwater School District,146000 HIGHWAY 101,FORKS,Washington,98331-9484,47.539725,-124.2517,WA6,24
212,_18801,16048,Quilcene School District,PO BOX 40,QUILCENE,Washington,98376-0040,47.828495000000004,-122.838769,WA6,24
213,_OSPI,5903,Quileute Tribal School District,PO Box 39,La Push,Washington,98350,47.905203,-124.62608,WA6,24
214,_18801,5402,Quillayute Valley School District,411 S Spartan Ave,FORKS,Washington,98331,47.946475,-124.383849,WA6,24
215,_4801,13144,Quincy School District,119 J ST SW,QUINCY,Washington,98848-1330,47.230425,-119.855399,WA4,13
216,_34950,17908,Rainier Prep Charter School District,10211 S 12th Ave,Seattle ,Washington,98168,47.511511,-122.318367,WA7,34
217,_34801,34307,Rainier School District,PO BOX 98,RAINIER,Washington,98576-0098,46.873509000000006,-122.661394,WA3,20
218,_34950,17910,Rainier Valley Leadership Academy ,6020 Rainier Avenue S.,Seattle,Washington,98118,47.547665,-122.27648300000001,WA9,37
219,_34801,25116,Raymond School District,1016 COMMERCIAL ST,RAYMOND,Washington,98577-2631,46.685516,-123.724952,WA3,19
220,_32801,22009,Reardan-Edwall School District,PO BOX 225,REARDAN,Washington,99029-0225,47.669606,-117.877734,WA5,9
221,_17801,17403,Renton School District,300 SW 7TH ST,RENTON,Washington,98057,47.4744,-122.220773,WA9,11
222,_32801,10309,Republic School District,30306 E HIGHWAY 20,REPUBLIC,Washington,99166-8746,48.642139,-118.726349,WA5,7
223,_11801,3400,Richland School District,6972 Keene Road,West RICHLAND,Washington,99353,46.253298,-119.34748300000001,WA4,16
224,_6801,6122,Ridgefield School District,510 PIONEER STREET,RIDGEFIELD,Washington,98642-9088,45.817027,-122.741523,WA3,20
225,_32801,1160,Ritzville School District,209 E WELLSANDT RD,RITZVILLE,Washington,99169-1600,47.125588,-118.29251599999999,WA5,9
226,_32801,32416,Riverside School District,34515 N NEWPORT HWY,CHATTAROY,Washington,99003-7706,47.968712,-117.350223,WA5,6
227,_17801,17407,Riverview School District,PO Box 519,DUVALL,Washington,98019,47.734590000000004,-121.931974,WA8,12
228,_34801,34401,Rochester School District,10140 HIGHWAY 12 SW,ROCHESTER,Washington,98579-9601,46.82217,-123.09636699999999,WA3,35
229,_6801,20403,Roosevelt School District,PO BOX 248,ROOSEVELT,Washington,99356-0248,45.851428000000006,-120.354257,WA4,14
230,_34950,6901,Rooted School Vancouver,10401 NE Fourth Plain Blvd,Vancouver,Washington,98662,45.662288000000004,-122.56525500000001,WA3,49
231,_32801,38320,Rosalia School District,916 S JOSEPHINE AVE,ROSALIA,Washington,99170-9550,47.23167,-117.368633,WA5,9
232,_39801,13160,Royal School District,PO Box 486,Royal City,Washington,99357-0486,46.897589,-119.68631599999999,WA4,13
233,_29801,28149,San Juan Island School District,PO BOX 458,FRIDAY HARBOR,Washington,98250-0458,48.538181,-123.06832299999999,WA2,40
234,_34801,14104,Satsop School District,PO BOX 96,SATSOP,Washington,98583-0096,47.002178,-123.48359599999999,WA6,24
235,_17801,17001,Seattle Public Schools,PO BOX 34165,SEATTLE,Washington,98124-1165,47.610902,-122.336422,WA7,43
236,_29801,29101,Sedro-Woolley School District,801 TRAIL RD,SEDRO WOOLLEY,Washington,98284-9387,48.50419,-122.252692,WA2,39
237,_39801,39119,Selah School District,316 W NACHES AVE ,SELAH,Washington,98942-1117,46.652909,-120.53580900000001,WA4,14
238,_32801,26070,Selkirk School District,PO BOX 129,METALINE FALLS,Washington,99153-0129,48.86381,-117.37246999999999,WA5,7
239,_18801,5323,Sequim School District,503 N SEQUIM AVE,SEQUIM,Washington,98382-3161,48.083338,-123.10244099999998,WA6,24
240,_29801,28010,Shaw Island School District,PO BOX 426,SHAW ISLAND,Washington,98286-0426,48.557824,-122.98374199999999,WA2,40
241,_34801,23309,Shelton School District,700 S 1ST ST,SHELTON,Washington,98584-3602,47.207805,-123.100531,WA6,35
242,_17801,17412,Shoreline School District,18560 1ST AVE NE,SHORELINE,Washington,98155-2118,47.764102,-122.32888600000001,WA7,32
243,_6801,30002,Skamania School District,122 BUTLER LOOP RD,SKAMANIA,Washington,98648-6021,45.623622999999995,-122.05094299999999,WA3,17
244,_17801,17404,Skykomish School District,PO BOX 325,SKYKOMISH,Washington,98288-0325,47.709270000000004,-121.3601,WA8,12
245,_29801,31201,Snohomish School District,1601 AVENUE D,SNOHOMISH,Washington,98290-1799,47.931846,-122.098396,WA1,44
246,_17801,17410,Snoqualmie Valley School District,PO BOX 400,SNOQUALMIE,Washington,98065-0400,47.534473,-121.816158,WA8,12
247,_4801,13156,Soap Lake School District,410 GINKGO ST S,SOAP LAKE,Washington,98851-0158,47.388118,-119.49814599999999,WA4,7
248,_34801,25118,South Bend School District,PO BOX 437,SOUTH BEND,Washington,98586-0437,46.588006,-123.83426200000001,WA3,19
249,_18801,18402,South Kitsap School District,2689 HOOVER AVE SE,PORT ORCHARD,Washington,98366-3013,47.522791,-122.62613,WA6,26
250,_29801,15206,South Whidbey School District,5520 Maxwelton Road,Langley,Washington,98260,48.008508,-122.41208,WA2,10
251,_34801,23042,Southside School District,161 SE COLLIER RD,SHELTON,Washington,98584-8367,47.199501,-123.055779,WA6,35
252,_34950,32901,Spokane International Academy,777 E Magnesium Rd,Spokane,Washington,99208,47.738352,-117.39776699999999,WA5,6
253,_32801,32081,Spokane School District,200 N BERNARD ST,SPOKANE,Washington,99201-0282,47.659375,-117.415605,WA5,3
254,_32801,22008,Sprague School District,PO BOX 305,SPRAGUE,Washington,99032-0305,47.299844,-117.977732,WA5,9
255,_32801,38322,St. John School District,301 W NOB HL,SAINT JOHN,Washington,99171-0058,47.086954,-117.586573,WA5,9
256,_29801,31401,Stanwood-Camano School District,26920 Pioneer Highway,Stanwood,Washington,98292-9548,48.240852000000004,-122.345502,WA2,10
257,_11801,11054,Star School District No. 054,P. O. Box 404,Mesa,Washington,99343,46.66126,-119.83091100000001,WA4,15
258,_11801,7035,Starbuck School District,PO BOX 188,STARBUCK,Washington,99359-0188,46.512828000000006,-118.10237,WA5,9
259,_4801,4069,Stehekin School District,PO BOX 37,STEHEKIN,Washington,98852-0037,48.3093,-120.65648999999999,WA8,12
260,_17801,27001,Steilacoom Hist. School District,511 CHAMBERS ST,STEILACOOM,Washington,98388-3311,47.168803000000004,-122.59855900000001,WA10,28
261,_32801,38304,Steptoe School District,PO BOX 138,Steptoe,Washington,99174-3138,47.006,-117.35602,WA5,9
262,_6801,30303,Stevenson-Carson School District,PO BOX 850,STEVENSON,Washington,98648-0850,45.673707,-121.912581,WA3,17
263,_29801,31311,Sultan School District,514 4th Street,SULTAN,Washington,98294-9474,47.8664,-121.81604499999999,WA8,12
264,_34950,17905,Summit Public School: Atlas,9601 35th Ave SW,Seattle,Washington,98104,47.698496,-122.290573,WA7,46
265,_34950,27905,Summit Public School: Olympus,409 Puyallup Avenue,Tacoma,Washington,98421,47.241079,-122.429176,WA6,27
266,_34950,17902,Summit Public School: Sierra,1025 S King Street,Seattle,Washington,98104,47.597770000000004,-122.31839599999999,WA9,37
267,_32801,33202,Summit Valley School District,2360 ADDY GIFFORD RD,ADDY,Washington,99101-9703,48.306915999999994,-117.977116,WA5,7
268,_17801,27320,Sumner-Bonney Lake School District,1202 WOOD AVE,SUMNER,Washington,98390-1933,47.204887,-122.23792399999999,WA10,31
269,_39801,39201,Sunnyside School District,1110 S 6th St,SUNNYSIDE,Washington,98944-2197,46.317412,-120.011673,WA4,15
270,_OSPI,18902,Suquamish Tribal Education Department,16301 Creative Dr NW,Poulsbo,Washington,98370,47.710959,-122.604151,WA6,23
271,_17801,27010,Tacoma School District,PO BOX 1357,TACOMA,Washington,98401-1357,47.250158,-122.43903,WA6,27
272,_34801,14077,Taholah School District,PO BOX 249,TAHOLAH,Washington,98587-0249,47.3374,-124.27877,WA6,24
273,_17801,17409,Tahoma School District,25720 MAPLE VALLEY BLK DIAM RD,MAPLE VALLEY,Washington,98038-8313,47.409304,-121.969445,WA8,5
274,_32801,38265,Tekoa School District,PO BOX 869,TEKOA,Washington,99033-0869,47.226641,-117.096157,WA5,9
275,_34801,34402,Tenino School District,PO BOX 4024,TENINO,Washington,98589-4024,46.84275,-122.849451,WA3,20
276,_39801,19400,Thorp School District,PO BOX 150,THORP,Washington,98946-0150,47.06535,-120.67063,WA8,13
277,_34801,21237,Toledo School District,PO BOX 469,TOLEDO,Washington,98591-0469,46.456038,-122.79498000000001,WA3,20
278,_4801,24404,Tonasket School District,35 DO HIGHWAY 20 EAST,TONASKET,Washington,98855-9601,48.699937,-119.43326200000001,WA4,7
279,_39801,39202,Toppenish School District,306 BOLIN DR,TOPPENISH,Washington,98948-1644,46.3735,-120.315279,WA4,14
280,_11801,36300,Touchet School District,P.O. Box 135,TOUCHET,Washington,99360-9533,46.041090000000004,-118.67232,WA5,16
281,_6801,8130,Toutle Lake School District,5050 SPIRIT LAKE HWY,TOUTLE,Washington,98649-9701,46.323603000000006,-122.740448,WA3,20
282,_6801,20400,Trout Lake School District,PO Box 488,TROUT LAKE,Washington,98650-9735,45.958949,-121.53563999999999,WA4,14
283,_17801,17406,Tukwila School District,4640 S 144TH ST,TUKWILA,Washington,98168-4134,47.474340000000005,-122.27408700000001,WA9,11
284,_34801,34033,Tumwater School District,621 LINWOOD AVE SW,TUMWATER,Washington,98512-8499,47.006826000000004,-122.912203,WA10,22
285,_39801,39002,Union Gap School District,3201 4th Street,UNION GAP,Washington,98903-1894,46.55682,-120.47936899999999,WA4,15
286,_17801,27083,University Place School District,3717 GRANDVIEW DR W,UNIVERSITY PLACE,Washington,98466-2138,47.223928,-122.55166200000001,WA10,28
287,_32801,33070,Valley School District,3030 Huffman Road,Valley,Washington,99181,48.170476,-117.720174,WA5,7
288,_6801,6037,Vancouver School District,PO BOX 8937,VANCOUVER,Washington,98661-5683,45.640066999999995,-122.625018,WA3,49
289,_17801,17402,Vashon Island School District,P O Box 547,VASHON,Washington,98070-0547,47.41219,-122.47255,WA7,34
290,_OSPI,34901,WA HE LUT Indian School Agency,11110 Conine Ave SE,Olympia,Washington,98513,47.067673,-122.703074,WA10,2
291,_6801,35200,Wahkiakum School District,PO BOX 398,CATHLAMET,Washington,98612-0398,46.214628000000005,-123.334899,WA3,19
292,_39801,13073,Wahluke School District,PO BOX 907,MATTAWA,Washington,99349-0952,46.730957000000004,-119.77825700000001,WA4,15
293,_11801,36401,Waitsburg School District,PO BOX 217,WAITSBURG,Washington,99361-0217,46.27042,-118.15328999999998,WA5,16
294,_11801,36140,Walla Walla Public Schools,364 S PARK ST,WALLA WALLA,Washington,99362-3249,46.065019,-118.32972600000001,WA5,16
295,_39801,39207,Wapato School District,212 W 3RD ST,WAPATO,Washington,98951-1308,46.446264,-120.421879,WA4,14
296,_4801,13146,Warden School District,101 W BECK WAY,WARDEN,Washington,98857-9401,46.962507,-119.040649,WA4,13
297,_6801,6112,Washougal School District,4855 Evergreen Way,WASHOUGAL,Washington,98671-9176,45.576018,-122.318017,WA3,17
298,_32801,1109,Washtucna School District,730 East Booth Avenue,WASHTUCNA,Washington,99371-0688,46.752189,-118.311231,WA5,9
299,_4801,9209,Waterville School District,PO BOX 490,WATERVILLE,Washington,98858-0490,47.701978999999994,-119.86123,WA4,7
300,_32801,33049,Wellpinit School District,PO BOX 390,WELLPINIT,Washington,99040-9700,47.881367,-117.933742,WA5,7
301,_4801,4246,Wenatchee School District,235 Sunset Ave,WENATCHEE,Washington,98801-1999,47.427640999999994,-120.32611100000001,WA8,12
302,_32801,32363,West Valley School District (Spokane),PO BOX 11739,SPOKANE,Washington,99212-2245,47.670693,-117.31099099999999,WA5,4
303,_39801,39208,West Valley School District (Yakima),8902 ZIER RD,YAKIMA,Washington,98908-9240,46.573784,-120.63351899999999,WA4,14
304,_34950,37902,Whatcom Intergenerational High School,1 Bellis Fair Parkway,Bellingham,Washington,98225,48.785694,-122.491046,WA2,42
305,_34801,21303,White Pass School District,PO BOX 188,RANDLE,Washington,98377-9208,46.516754,-121.894411,WA3,20
306,_17801,27416,White River School District,PO BOX 2050,BUCKLEY,Washington,98321-2050,47.152347,-122.079177,WA8,31
307,_6801,20405,White Salmon Valley School District,PO BOX 157,WHITE SALMON,Washington,98672-0157,45.828588,-121.40586299999998,WA4,14
308,_34950,17917,Why Not You Academy (formerly Cascade: Midway charter),22419 Pacific Highway South,Des Moines,Washington,98198,47.400473,-122.2979,WA9,33
309,_32801,22200,Wilbur School District,PO BOX 1090,WILBUR,Washington,99185-1090,47.761025,-118.729143,WA5,9
310,_34801,25160,Willapa Valley School District,PO BOX 128,MENLO,Washington,98561-9998,46.514625,-123.76903,WA3,19
311,_4801,13167,Wilson Creek School District,PO BOX 46,WILSON CREEK,Washington,98860-0046,47.473874,-119.18473,WA4,7
312,_34801,21232,Winlock School District,PO BOX 128,WINLOCK,Washington,98596-9417,46.490874,-122.87991699999999,WA3,19
313,_34801,14117,Wishkah Valley School District,4640 Wishkah Road,Aberdeen,Washington,98520-9626,47.117346999999995,-123.77013000000001,WA6,24
314,_6801,20094,Wishram School District,PO BOX 8,WISHRAM,Washington,98673-0008,45.65992,-120.96958000000001,WA4,14
315,_6801,8404,Woodland School District,800 3RD ST,WOODLAND,Washington,98674-8467,45.903105,-122.74989599999999,WA3,20
316,_OSPI,39901,Yakama Nation Tribal Compact,PO Box 151,Toppenish,Washington,98948-0151,46.328522,-120.37025700000001,WA4,14
317,_39801,39007,Yakima School District,104 N 4TH AVE,YAKIMA,Washington,98902-2636,46.602191999999995,-120.51546599999999,WA4,14
318,_34801,34002,Yelm School District,PO BOX 476,YELM,Washington,98597-0476,46.882364,-122.56268899999999,WA3,2
319,_39801,39205,Zillah School District,213 4TH AVE,ZILLAH,Washington,98953-9533,46.406449,-120.264377,WA4,15
